card_mapped,Transactions,Total_Spend,Points_Earned,Missed_Points,Optimization_Rate
AAdvantage Platinum Select,323,15891.75,18018.29,15756.769999999999,53.3
Freedom Flex,655,23277.59,43007.29,4992.35,89.6
Freedom Unlimited,110,7424.86,11307.32,1170.2599999999998,90.6
Sapphire Preferred,2139,72700.72,158416.66,6733.66,95.9
